{"name":"city-of-ny_qnjm-wvu5","title":"Textile Drop-Off Locations in NYC","description":"Locations where NYC residents can drop off clothing, fabrics, linens, footwear, and other items for donation or ...\n\nLocations where NYC residents can drop off clothing, fabrics, linens, footwear, and other items for donation or textile recycling. For more information, see: https://www1.nyc.gov/assets/dsny/site/services/donate-goods/textiles. Please note that each organization’s needs and capacity may change rapidly due to the COVID-19 response. Please email, call, or connect on social media for the most up-to-date information before attempting any drop-off/donations.\n\nSource: https://data.cityofnewyork.us/d/qnjm-wvu5  \nLast updated at https://data.cityofnewyork.us/data.json : 2020-09-17  \n Attribution is encouraged by New York City. Please visit New York City's [open data portal for more information about the Terms of Use](https://opendata.cityofnewyork.us/overview/#termsofuse).","homepage":"https://data.world/city-of-ny/qnjm-wvu5","license":"Other","resources":[{"name":"textile_drop_off_locations_in_nyc_1","schema":{"fields":[{"name":"address","title":"Address","type":"string","rdfType":"http://www.w3.org/2001/XMLSchema#string","dwSourceId":"address"},{"name":"bbl","title":"BBL","type":"integer","rdfType":"http://www.w3.org/2001/XMLSchema#integer","dwSourceId":"bbl"},{"name":"bin","title":"BIN","type":"integer","rdfType":"http://www.w3.org/2001/XMLSchema#integer","dwSourceId":"bin"},{"name":"borocd","title":"BoroCD","type":"integer","rdfType":"http://www.w3.org/2001/XMLSchema#integer","dwSourceId":"borocd"},{"name":"borough","title":"Borough","type":"string","rdfType":"http://www.w3.org/2001/XMLSchema#string","dwSourceId":"borough"},{"name":"ct2010","title":"CT2010","type":"integer","rdfType":"http://www.w3.org/2001/XMLSchema#integer","dwSourceId":"ct2010"},{"name":"councildistrict","title":"CouncilDistrict","type":"integer","rdfType":"http://www.w3.org/2001/XMLSchema#integer","dwSourceId":"councildistrict"},{"name":"items_accepted","title":"Items_Accepted","type":"string","rdfType":"http://www.w3.org/2001/XMLSchema#string","dwSourceId":"items_accepted"},{"name":"latitude","title":"Latitude","type":"number","rdfType":"http://www.w3.org/2001/XMLSchema#decimal","dwSourceId":"latitude"},{"name":"longitude","title":"Longitude","type":"number","rdfType":"http://www.w3.org/2001/XMLSchema#decimal","dwSourceId":"longitude"},{"name":"ntaname","title":"NTAName","type":"string","rdfType":"http://www.w3.org/2001/XMLSchema#string","dwSourceId":"ntaname"},{"name":"nonprofit_organization","title":"Nonprofit_Organization","type":"boolean","rdfType":"http://www.w3.org/2001/XMLSchema#boolean","dwSourceId":"nonprofit_organization"},{"name":"number","title":"Number","type":"string","rdfType":"http://www.w3.org/2001/XMLSchema#string","dwSourceId":"number"},{"name":"objectid","title":"ObjectId","type":"integer","rdfType":"http://www.w3.org/2001/XMLSchema#integer","dwSourceId":"objectid"},{"name":"operations_type","title":"Operations_Type","type":"string","rdfType":"http://www.w3.org/2001/XMLSchema#string","dwSourceId":"operations_type"},{"name":"public_email","title":"Public_Email","type":"string","rdfType":"http://www.w3.org/2001/XMLSchema#string","dwSourceId":"public_email"},{"name":"public_phone","title":"Public_Phone","type":"string","rdfType":"http://www.w3.org/2001/XMLSchema#string","dwSourceId":"public_phone"},{"name":"street","title":"Street","type":"string","rdfType":"http://www.w3.org/2001/XMLSchema#string","dwSourceId":"street"},{"name":"unit","title":"Unit","type":"string","rdfType":"http://www.w3.org/2001/XMLSchema#string","dwSourceId":"unit"},{"name":"vendor_name","title":"Vendor_Name","type":"string","rdfType":"http://www.w3.org/2001/XMLSchema#string","dwSourceId":"vendor_name"},{"name":"website","title":"Website","type":"string","rdfType":"http://www.w3.org/2001/XMLSchema#anyURI","dwSourceId":"website"},{"name":"point","title":"point","type":"string","rdfType":"http://www.w3.org/2001/XMLSchema#string","dwSourceId":"point"},{"name":"zipcode","title":"zipcode","type":"integer","rdfType":"http://www.w3.org/2001/XMLSchema#integer","dwSourceId":"zipcode"},{"name":"zip_codes","title":"Zip Codes","type":"integer","rdfType":"http://www.w3.org/2001/XMLSchema#integer","dwSourceId":"zip_codes"},{"name":"community_districts","title":"Community Districts","type":"integer","rdfType":"http://www.w3.org/2001/XMLSchema#integer","dwSourceId":"community_districts"},{"name":"borough_boundaries","title":"Borough Boundaries","type":"integer","rdfType":"http://www.w3.org/2001/XMLSchema#integer","dwSourceId":"borough_boundaries"},{"name":"city_council_districts","title":"City Council Districts","type":"integer","rdfType":"http://www.w3.org/2001/XMLSchema#integer","dwSourceId":"city_council_districts"},{"name":"police_precincts","title":"Police Precincts","type":"integer","rdfType":"http://www.w3.org/2001/XMLSchema#integer","dwSourceId":"police_precincts"},{"name":"location","title":" Location","type":"string","rdfType":"http://www.opengis.net/ont/OGC-GeoSPARQL/1.0/Point","dwSourceId":"location"}]},"path":"data/textile_drop_off_locations_in_nyc_1.csv","format":"csv"},{"name":"original/textile-drop-off-locations-in-nyc-1.csv","path":"original/textile-drop-off-locations-in-nyc-1.csv","format":"csv","mediatype":"text/csv","bytes":407687}],"keywords":["sanitation","dsny","clothing","textiles","donation","recycle","drop off","environment"]}